track_name,artist,album,release_date,popularity,danceability,energy,tempo,valence
Call fine success,Rebecca Dean,Start other,2017-02-07,43,0.643,0.512,145.16,0.886
Public man,Pamela Scott,Design,2024-07-20,34,0.629,0.414,140.28,0.215
Up focus trip eight,Brian Zamora DDS,Knowledge,2023-02-04,77,0.692,0.712,95.61,0.717
Result step,Douglas Johnson,Idea best,2020-09-24,62,0.834,0.96,133.76,0.841
Professor compare concern,Brandon Suarez,Offer,2022-08-29,90,0.492,0.871,120.51,0.751
Fear ball,Kerry Ibarra,Possible,2024-02-24,91,0.484,0.781,103.41,0.871
All thousand,Ebony Williams,Step wear,2018-06-03,74,0.626,0.344,150.73,0.482
Blue break,Amy Rodriguez,Production,2019-08-04,63,0.655,0.89,147.57,0.657
National computer local,Stephen Davis,Past role,2019-03-17,78,0.868,0.513,85.89,0.574
Attention provide,Donna Miller,Several dream,2018-09-09,66,0.946,0.796,129.63,0.828
Away notice,Connie Clay,Smile,2024-09-29,96,0.735,0.835,159.79,0.852
Case paper two,Vanessa Peterson,Security,2021-05-05,84,0.836,0.908,120.45,0.453
Thing result according however,Trevor Harris,Father language,2023-06-19,93,0.604,0.488,130.01,0.424
Window rate itself,Dawn Flores,Mr,2021-10-29,68,0.791,0.864,133.26,0.508
Family must,Carol Scott,Remember view,2020-09-29,73,0.622,0.937,138.17,0.396
Resource provide all,Stanley Wilcox,Look kitchen,2022-02-16,86,0.783,0.439,143.88,0.738
Energy wonder,Ashley Phillips,Each tree,2020-04-08,55,0.602,0.822,125.61,0.879
Standard several,Tina Miranda,Possible how,2020-12-01,88,0.895,0.534,94.45,0.626
However many by,Erin Mejia,Speech mother,2017-07-26,90,0.821,0.309,158.94,0.628
Experience expect find,Sara Murphy,Bit its,2020-07-22,66,0.559,0.336,108.14,0.753
Themselves wear,Eric Key,Kitchen chair,2017-10-18,80,0.461,0.334,146.75,0.601
Mention add drive,Laura Moore,Relate key,2018-12-10,34,0.638,0.861,156.77,0.921
Senior deep quality same,Nicole Hughes,Left,2017-11-26,48,0.588,0.974,104.98,0.3
Man tough anything,Amy Lopez,World camera,2021-09-08,35,0.844,0.541,115.68,0.725
Act vote,Angela Walker,Idea,2021-08-12,65,0.63,0.608,128.82,0.481
Left everything,Ryan Moore,Read stage,2021-09-30,51,0.627,0.313,126.11,0.654
Author cost,Kayla Myers,Decision,2024-01-06,49,0.836,0.844,141.63,0.795
Just name,Charles Humphrey,Wear,2020-09-25,36,0.5,0.949,134.2,0.707
Successful conference,Kristy Williams,Everyone,2019-03-16,90,0.628,0.696,101.24,0.426
Second focus,Richard Sullivan,Recognize security,2017-03-12,59,0.931,0.302,123.54,0.722
Bag,Jason Gomez,Project,2016-09-17,79,0.513,0.938,109.96,0.538
Pressure,Charles Navarro,Interview,2022-05-16,71,0.578,0.436,116.42,0.922
Turn those relate,Keith Johnson,Physical season,2017-02-14,96,0.679,0.809,138.28,0.412
Believe respond along,Joshua Jefferson,Onto ahead,2022-11-28,95,0.813,0.362,156.51,0.806
Wind finally ahead,Heather Clark,Drug,2016-02-27,84,0.567,0.54,146.28,0.431
Talk young general,Kenneth Ramirez,Organization,2018-08-12,66,0.715,0.685,144.44,0.497
Item authority it,Steven Carter,Picture threat,2021-01-27,54,0.465,0.913,158.33,0.888
Glass behind,Travis Perez,Late director,2016-10-12,36,0.87,0.405,141.9,0.648
That question,Thomas Alvarez,You,2018-06-20,100,0.945,0.799,114.07,0.308
Behavior society,Joshua Nolan,Common attack,2022-03-25,98,0.503,0.736,109.67,0.64
Reduce per look,Veronica Garza,Mr,2025-01-17,37,0.465,0.391,124.78,0.583
Message wrong window,Emily Reed,Water,2021-06-26,76,0.864,0.437,96.4,0.372
Culture trip,Ian Kim,Form,2023-06-24,63,0.758,0.76,153.83,0.895
Teach but,David Hoffman,Body,2017-08-16,86,0.525,0.809,138.97,0.613
Son life center,Brianna Thompson,Interest political,2016-02-14,54,0.688,0.774,142.37,0.202
Something cup kid,Christopher Baker,Group force,2020-05-30,43,0.829,0.581,158.68,0.242
One knowledge position,Jeffery Fisher,Forget quality,2018-11-17,94,0.411,0.403,106.47,0.406
Business heart,Brian Vargas,See political,2023-04-19,48,0.751,0.694,127.05,0.671
Still administration break,Anthony Morgan,Say,2021-08-09,33,0.943,0.507,145.31,0.771
Defense front along,Richard Williams,Republican,2021-01-11,75,0.746,0.873,110.46,0.884
Region impact there,Justin Hall,Take wrong,2021-05-06,72,0.904,0.483,99.55,0.507
Without owner,Kelly Mitchell,Decision us,2017-12-14,47,0.896,0.862,148.49,0.94
Work affect,Jeremy Roberts,Admit he,2017-03-21,76,0.651,0.58,107.49,0.748
Forget debate foreign,Gabriel Sherman,Physical government,2016-12-16,94,0.811,0.573,83.75,0.633
Just bag guy,Tina Black,Media bed,2024-03-26,85,0.788,0.627,100.73,0.604
Hear quickly serve computer,Barry Taylor,Fact,2018-07-09,67,0.49,0.577,129.29,0.905
Site southern,Angela Torres,Stand amount,2018-04-02,69,0.643,0.62,138.41,0.834
Series them let,Keith Lozano,Worry,2017-05-23,96,0.622,0.945,136.87,0.936
Serious ten certain especially,Sarah Valencia,Third lawyer,2017-04-04,43,0.543,0.335,143.92,0.62
Marriage today respond,Chris Gray,Clear,2022-06-20,68,0.783,0.76,113.55,0.33
Defense west show information,Jeffrey Anderson,Before itself,2021-08-07,43,0.822,0.978,151.75,0.745
Everything including,Jeffrey Hunt,Common player,2019-11-03,70,0.672,0.655,95.17,0.931
Society itself,Brandon White,Into,2020-04-12,60,0.863,0.591,99.67,0.658
Be executive international,Dr. Lori Moore,Half team,2021-01-28,50,0.772,0.8,133.82,0.825
Firm ok,Tyrone Bradford,Able,2015-06-20,49,0.746,0.408,114.2,0.56
Lose decision interesting,Amanda Adams,Land,2017-07-28,46,0.431,0.398,120.38,0.731
Fly bar fight,Brittany Knox,Democrat at,2024-05-29,79,0.839,0.456,98.23,0.256
Sing yes commercial,Joshua Baldwin,Position one,2016-08-22,65,0.51,0.688,134.16,0.479
Attention end green,Anne Nichols,Sing,2015-10-26,78,0.539,0.356,131.4,0.451
Write reality might discussion,Rebecca Lam,With on,2021-02-14,92,0.72,0.515,84.46,0.603
None you treatment,Jessica Flores,Too,2020-08-25,96,0.688,0.313,118.61,0.557
Number beat,Kelsey Stanley,Discuss,2017-04-29,64,0.837,0.383,148.54,0.513
Oil crime,Ellen Roberts,Particularly,2024-06-16,88,0.706,0.826,90.93,0.239
Skill only base,William Walker,Have,2018-06-28,43,0.847,0.955,138.75,0.393
Might car leg,Keith Gonzalez,That,2017-07-11,93,0.939,0.79,158.93,0.223
Likely experience,Diane Elliott,Woman,2018-09-22,63,0.821,0.896,107.28,0.288
Listen,Michael Davis,Which owner,2023-02-26,78,0.401,0.969,112.53,0.355
Herself really because culture,Steven Campos,Pressure,2015-07-05,35,0.64,0.595,86.9,0.683
Must note,Crystal Solis,Doctor,2019-09-26,42,0.41,0.757,106.46,0.262
Page degree door,Billy Archer,Bed,2022-07-21,61,0.502,0.588,157.58,0.35
Clearly soon maybe,Rachel Shepherd,Responsibility enough,2021-04-10,36,0.949,0.658,132.0,0.63
Now meeting station,Brittany Silva,Recently,2022-01-24,48,0.703,0.394,114.01,0.894
Owner truth everyone,Gabriel Martinez,Baby,2025-04-22,50,0.719,0.716,103.61,0.259
These ask,Terry Kim,Majority,2021-12-29,34,0.832,0.645,84.31,0.366
Involve forget,Todd Ortiz,White player,2024-01-31,89,0.748,0.416,89.13,0.641
Picture interesting prepare,Tracey Robinson,Necessary debate,2022-06-14,46,0.546,0.546,114.73,0.778
Edge maybe true,Michael Mitchell,Institution model,2022-01-16,71,0.579,0.648,131.01,0.785
Figure under citizen,Brittany Bentley,Suggest,2021-07-27,56,0.519,0.743,110.1,0.289
Represent listen something,Amber Robbins,Drug respond,2024-04-29,48,0.829,0.783,141.84,0.24
Year movement begin determine,Andrew Moore,Indeed,2019-12-02,57,0.536,0.348,154.77,0.48
Grow them resource,Benjamin Greene,Debate,2017-10-22,87,0.462,0.612,98.91,0.871
Than,Joseph Phillips,Health whom,2019-10-15,50,0.635,0.455,148.55,0.219
Four hold service model,Angela Santiago,Rate attention,2019-12-21,53,0.809,0.871,117.92,0.536
Indicate various tax,Joshua Anderson Jr.,Room,2015-05-06,76,0.536,0.314,138.45,0.3
Somebody treatment someone but,David Wang,Meet,2020-06-21,32,0.935,0.576,127.63,0.944
Huge where,Christina Miller,Member become,2020-01-07,74,0.505,0.749,114.35,0.515
Next may improve,John Savage,Prepare area,2024-08-16,81,0.633,0.971,141.05,0.658
Also book these,Brent Brown,Ground,2019-03-03,58,0.618,0.528,129.64,0.623
Deep tax,Stephanie Rivera,Half technology,2024-11-15,43,0.827,0.953,112.59,0.76
Car defense environment,Andrea Campbell,Agree tend,2020-05-26,88,0.572,0.912,112.17,0.843
Turn why herself,Douglas Flynn,Can,2015-06-26,36,0.526,0.935,119.03,0.823
Play treat job,Raymond Shaw,Attention field,2019-05-11,47,0.881,0.695,147.49,0.548
Sell generation,Kevin Lewis,Head citizen,2017-05-21,99,0.813,0.508,121.65,0.738
According,Mary Garcia,Catch,2018-11-13,79,0.67,0.83,140.26,0.355
Whom billion scene,Tina Watkins,Miss election,2017-12-21,95,0.524,0.652,85.55,0.316
No become,Alexis Young,Share,2024-10-15,40,0.856,0.796,116.51,0.847
Bed age radio,Ashley Johnson,Simply daughter,2018-04-24,62,0.618,0.747,89.84,0.903
Professor program,Tiffany Frederick,Short,2017-08-05,57,0.63,0.927,148.62,0.709
Public clear audience,Luis Farmer,Anyone,2022-03-02,58,0.851,0.325,85.75,0.553
Ten scene gas,Albert Hunter,Player,2021-05-13,95,0.551,0.82,118.83,0.823
Situation clear single,David Juarez,Nor,2017-05-06,87,0.838,0.579,145.48,0.464
Western almost,Rose Jones,Crime vote,2024-12-25,90,0.841,0.943,80.98,0.914
Set simple according,Courtney Blevins,Bill cell,2015-08-10,64,0.492,0.769,154.09,0.529
Determine air,Samantha Alvarez,Describe,2016-09-04,53,0.922,0.802,131.35,0.849
Same manage,Kimberly Martin,Staff little,2016-02-17,46,0.693,0.578,111.03,0.942
Relate rise represent,Allen Harvey,Miss full,2020-05-21,76,0.815,0.916,136.43,0.599
Member claim mouth,Edward Reid,Rich,2023-04-27,34,0.68,0.817,151.73,0.485
North somebody,David Conway,Federal,2018-12-24,36,0.889,0.678,149.15,0.342
Spring else,James Poole,Man under,2015-12-11,63,0.531,0.576,145.87,0.284
Answer to moment call,Shane Green,Move,2021-11-01,30,0.612,0.718,148.31,0.883
Player however compare,Robert Bradford,Save customer,2019-07-14,65,0.452,0.825,139.74,0.859
Decide your,Peggy Williamson,History,2018-12-06,36,0.562,0.318,120.72,0.783
Increase seek pattern,Jason Oliver,Ever,2021-01-11,77,0.755,0.509,158.45,0.738
First up,Courtney Kidd,Any have,2023-02-09,51,0.434,0.305,133.75,0.623
Society family,Shane Smith,Get scientist,2023-06-13,66,0.479,0.399,102.89,0.252
Reduce direction again effort,Mark Martin,Nice,2015-08-15,89,0.699,0.725,134.43,0.284
Way pretty note,Douglas Woods,Manage,2022-12-01,53,0.708,0.968,123.28,0.935
Could friend contain,Tammy Anderson,Particular,2017-02-04,47,0.877,0.782,145.7,0.3
Then treatment,John Smith,Enjoy,2019-05-13,59,0.909,0.956,144.84,0.691
Recent concern any,Karen Gonzales,Quite sense,2018-08-22,49,0.84,0.599,140.95,0.693
Total,Mary Robinson,Stay,2015-07-26,64,0.693,0.832,132.22,0.93
Kid test,Robert Watkins,Region,2018-09-15,40,0.925,0.344,142.89,0.498
Western number public,Susan Vincent,Character,2018-02-20,41,0.853,0.866,158.75,0.944
Painting reflect then,Vincent Perez,Point,2022-04-28,39,0.533,0.655,112.27,0.394
What article five,Steve Roberson,Term body,2022-11-15,97,0.654,0.478,114.38,0.66
Off agency stay,Timothy Pace,Expect nothing,2015-11-01,35,0.731,0.468,155.72,0.297
Senior development Mr,Gregory Fowler,Actually,2022-02-13,78,0.894,0.687,80.07,0.85
Republican century receive,Elizabeth Mendoza,Ground,2016-04-30,51,0.417,0.741,90.13,0.725
Claim benefit address,Jessica Martin,General agreement,2018-01-20,67,0.645,0.731,98.09,0.207
Nation matter,Jordan Gibson,Treat,2018-05-18,34,0.9,0.631,102.46,0.765
Paper remember dream,Rachel Turner,Organization lead,2021-11-06,52,0.511,0.326,102.39,0.226
Morning commercial,Daniel Sullivan,Center,2023-03-04,94,0.669,0.744,110.64,0.893
Particularly herself upon,Richard Bond,Question,2022-04-11,87,0.778,0.765,85.95,0.419
Fast finally,Michelle Hester,Activity back,2022-01-16,39,0.714,0.622,140.4,0.856
Realize say I,Claudia Johnson,Big method,2016-07-23,66,0.476,0.933,97.29,0.782
Rate brother threat land,Joseph Love,Kitchen,2022-01-29,41,0.751,0.5,86.59,0.25
Quality available hear,Susan Coffey,Some herself,2018-05-02,76,0.606,0.58,109.5,0.223
Research company,Anthony Gonzales,Claim field,2023-09-20,64,0.778,0.979,116.26,0.35
Upon lawyer summer,Mason Morgan,Majority,2020-01-29,66,0.847,0.485,120.76,0.716
Friend,Greg Wilkerson,Thousand,2017-03-05,69,0.751,0.908,80.59,0.427
Finish talk,Morgan Johnston,Specific follow,2023-12-31,55,0.822,0.553,105.38,0.375
Between know rich,Antonio Frey,Reveal remember,2022-07-21,86,0.797,0.339,135.34,0.332
With pull build,Melissa Carter,Brother,2022-04-06,91,0.608,0.451,125.31,0.426
Right whatever discuss,Robert Zhang,List site,2017-04-08,50,0.735,0.712,99.47,0.449
Check visit traditional,Rachel Phillips,Yet produce,2021-07-23,53,0.863,0.555,134.18,0.425
Realize cause,Seth Garcia,Top,2018-04-07,87,0.496,0.835,130.08,0.571
North maintain project,Patrick Smith,Foreign address,2023-10-03,40,0.454,0.788,110.89,0.363
Thus ten,Joshua Wilson,Contain,2023-05-28,34,0.857,0.676,92.88,0.458
Senior protect serious,Melissa Combs,Picture manage,2020-08-09,75,0.493,0.715,116.23,0.293
Crime million top,Jillian Davis,Left,2018-07-21,65,0.64,0.83,155.09,0.727
Message feeling without example,Tracy Davis,Capital,2021-04-28,82,0.457,0.46,101.31,0.36
Son him part open,Brandon Webster,Though professor,2022-01-03,50,0.751,0.507,91.71,0.774
Real thought war,Matthew Sandoval,Book speech,2020-07-01,43,0.721,0.782,90.53,0.708
Day relate religious,Kimberly Hatfield,Best culture,2019-10-12,75,0.719,0.793,158.15,0.778
No together with,James Martinez,More,2021-03-28,37,0.497,0.941,154.5,0.248
Improve former others almost,Martha Patel,Game tough,2015-04-24,74,0.831,0.758,108.94,0.707
Scene region newspaper structure,Shawna Thomas,Build,2021-02-26,70,0.78,0.731,142.62,0.671
Cover option bag,James Howard,Doctor,2024-05-17,44,0.684,0.591,93.1,0.819
Blood community do,Anna Christian,Throughout,2020-01-22,51,0.904,0.436,103.17,0.912
Their significant,Michael Johnson,Pass especially,2017-09-13,72,0.507,0.895,154.94,0.23
Cut,Victor Bryant,Yes,2021-10-05,91,0.684,0.334,150.81,0.903
While method,Michael Ford,These else,2024-09-13,75,0.877,0.501,148.23,0.455
May save,Edward Harrell,Whole,2015-08-31,54,0.807,0.947,143.5,0.705
Authority stuff,David King,Yes dark,2021-07-17,43,0.614,0.438,108.31,0.505
Live say reveal,Christopher Alvarez,A cup,2015-12-08,96,0.614,0.864,133.51,0.516
Let drop,Eric Leblanc,Stock,2024-11-01,58,0.821,0.46,147.47,0.715
Fly in without,Andrew Wright,Entire,2021-04-06,40,0.528,0.641,155.52,0.457
Since main,Christina Jones,Media everybody,2020-04-25,39,0.719,0.975,140.42,0.454
World item,James Miller,Describe tend,2021-12-23,44,0.59,0.932,147.25,0.572
Process bar,Miss Monique Lopez,War else,2024-04-29,86,0.804,0.594,112.28,0.51
Here phone response,Colin Vargas,Indeed hear,2015-08-04,31,0.507,0.774,102.35,0.901
Participant remember,Gregory Preston,Commercial store,2025-02-13,49,0.462,0.855,144.09,0.707
Staff health cup,Deanna Sexton,Dream,2017-10-05,55,0.415,0.47,122.35,0.59
Not moment field,Lori Carroll,Detail,2022-09-12,69,0.653,0.739,158.9,0.774
Interview,Tyler Rocha,Major speak,2022-05-15,59,0.717,0.851,106.14,0.452
Organization institution second,Alex Gonzalez,Trouble,2023-07-31,56,0.742,0.763,118.31,0.388
Season cost campaign,Patrick White,Child listen,2024-03-16,48,0.705,0.967,146.89,0.661
Game possible picture,Brittany Goodwin,Prepare our,2020-08-26,95,0.811,0.462,92.02,0.748
As natural evening,Justin Graham,Forget,2015-06-09,63,0.616,0.861,133.94,0.831
Yes raise,Susan James,Task everybody,2022-07-28,90,0.868,0.907,97.25,0.759
Treat perform control father,Marie Gilbert,Community,2016-01-21,61,0.942,0.504,87.77,0.286
Son light,Joy Richardson,Hand,2024-07-10,72,0.424,0.56,106.6,0.921
Interview avoid term,Julian Burns,Receive step,2016-09-20,62,0.946,0.725,104.6,0.846
Example wind,Scott Adkins,Remain officer,2025-03-14,32,0.741,0.443,84.14,0.869
Simple soldier lay,Kristen Smith,Serve time,2024-11-26,90,0.611,0.933,88.46,0.481
Unit movement just us,Nathan Vasquez,Home,2020-09-12,89,0.842,0.651,98.22,0.48
Early probably,Ronald Hardy PhD,Foreign order,2023-09-08,74,0.424,0.576,114.18,0.554
Goal large,Jill Mueller,New,2024-02-08,30,0.745,0.41,152.93,0.257
Son thank group,Theresa Wood,Social floor,2020-08-27,75,0.652,0.623,115.63,0.379
Point yard station,David James,Mission,2022-08-24,45,0.811,0.494,156.49,0.779
It military,Eddie Cross,Whose difficult,2015-11-12,58,0.837,0.461,90.09,0.379
Open nor music,James Dean,Opportunity base,2017-07-09,98,0.755,0.923,158.47,0.748
When do stop,Robert Robles,Body,2018-04-22,39,0.646,0.35,149.71,0.906
Citizen their almost,Zachary Snyder,Civil,2016-04-03,92,0.532,0.492,122.5,0.481
Dinner maybe wide,James Gonzalez,Market need,2016-10-14,76,0.89,0.522,114.05,0.924
Country if structure,Jessica Flowers,And detail,2022-08-24,44,0.77,0.834,80.64,0.837
Majority sometimes pull,Randy Fuller,Interesting stock,2018-04-20,84,0.552,0.425,158.77,0.933
There manage,Brittany Thomas,Positive,2022-08-17,83,0.645,0.408,87.96,0.454
Four,Robert Williams DDS,Bank beautiful,2016-06-11,80,0.437,0.925,115.62,0.924
Not political attack,Samuel Simmons,Various hear,2019-07-06,55,0.51,0.795,109.84,0.358
Tend call,Kelli Hall,Reason politics,2023-12-20,50,0.66,0.975,119.33,0.266
On sell,Erin Ruiz,Official hold,2021-08-01,95,0.866,0.637,93.94,0.645
Involve factor,Dr. David Shelton,Number speech,2021-06-22,99,0.761,0.85,111.08,0.6
Price Congress apply,Sandra Hill,Tough,2019-11-14,72,0.485,0.48,83.77,0.884
Difference suddenly inside,Sue Jones,During,2017-06-05,56,0.786,0.856,136.05,0.63
Camera wish between,Joel Cole,Teacher describe,2018-08-22,72,0.526,0.346,143.48,0.776
Who loss,Jessica Johnson,Beautiful television,2021-05-01,47,0.49,0.83,81.35,0.647
Music remember,Emily Montgomery,Exist official,2022-10-05,93,0.841,0.628,83.01,0.817
Site test bit,John Evans,Onto,2016-05-30,49,0.593,0.717,153.8,0.335
Hard hundred,Pamela Thompson,Others,2021-03-21,73,0.541,0.578,141.18,0.287
Remain billion,Jacqueline Parker,Information suddenly,2022-08-06,66,0.949,0.505,151.99,0.258
Anything could,Ruben Parker,Order,2022-07-30,60,0.679,0.457,87.14,0.467
Role skill poor,Jeffrey Fernandez,Technology,2018-03-09,95,0.489,0.341,92.76,0.449
Possible brother,Jennifer Sparks,Born,2019-06-15,57,0.653,0.481,125.51,0.887
Water arm chance,Jennifer Miller,Figure easy,2024-08-13,64,0.742,0.942,106.53,0.582
Everything,Kathy Gutierrez,Hope,2018-01-18,83,0.418,0.976,151.65,0.36
Quickly only plant,Charles Carter,Idea painting,2024-06-04,44,0.74,0.909,92.46,0.561
Do else,Natalie Williams,Today hope,2020-02-04,69,0.638,0.977,86.68,0.578
Adult,Cassie Vasquez MD,Head,2019-07-22,85,0.835,0.581,133.13,0.719
Show east,Adam Suarez,Significant me,2024-07-03,80,0.606,0.511,118.22,0.415
Same out,Caleb Mccarthy,Billion,2024-10-16,59,0.712,0.836,93.82,0.392
Force account reveal,George Martinez,Least,2020-07-14,39,0.516,0.626,131.51,0.667
Listen right,Gabriel Robinson,Tax,2025-03-16,60,0.613,0.807,123.04,0.852
Goal book sit,Jessica Webb,Talk,2023-11-18,31,0.641,0.908,131.59,0.749
School similar their,Denise York,Law,2016-03-27,59,0.786,0.312,111.89,0.331
Nor take surface general,Johnny Sanchez,View however,2015-05-22,74,0.425,0.36,121.09,0.422
Think wait,Mrs. Deborah Huff,Recent,2018-05-27,86,0.416,0.375,99.57,0.358
Training cell tonight not,David Zimmerman,Worker growth,2018-02-20,81,0.719,0.789,119.67,0.63
Election memory,James Marshall,Class,2017-01-30,76,0.737,0.482,145.69,0.693
Need hot,Dakota Lopez,View environmental,2023-01-28,99,0.908,0.722,138.09,0.302
If quite,Paul Owens,Drug why,2015-10-02,32,0.508,0.546,117.83,0.401
Try side,Matthew Dixon,Benefit,2015-11-18,54,0.655,0.582,104.45,0.817
Reason likely,Kristin Austin,Key provide,2024-10-21,59,0.456,0.405,143.08,0.214
Number bit few,Danielle Wood,Art laugh,2023-04-04,90,0.88,0.593,151.8,0.794
Direction Mr,Riley Bruce,Manage because,2017-10-15,51,0.63,0.627,98.46,0.516
Firm field,Stacy Wilson,Work,2023-03-30,51,0.679,0.583,142.78,0.267
Best defense marriage,Jason Alvarez,Ability,2016-11-13,51,0.851,0.848,118.86,0.715
Debate pass,Jared Wolf,Affect think,2023-01-30,82,0.793,0.569,128.78,0.828
Rock arm available politics,Michael Shaw,Interview,2022-03-06,51,0.692,0.933,150.13,0.648
Expect technology,Mr. Nicholas Black Jr.,Likely edge,2021-03-25,37,0.735,0.897,93.09,0.708
Official kid,Mrs. Jessica Smith DVM,Sit close,2023-11-23,100,0.404,0.643,139.77,0.909
Both add grow,Sarah Price,Happen,2016-03-10,46,0.574,0.417,127.26,0.62
Case similar,Scott Lambert,Any suggest,2024-02-20,31,0.806,0.462,146.58,0.313
Answer dog,Aaron Hardin,Human,2023-03-22,44,0.77,0.976,101.99,0.88
Wish shoulder activity,Amanda Harris,Member question,2022-08-25,36,0.47,0.493,87.73,0.492
Form customer,Wendy Baldwin,Public,2019-01-30,79,0.677,0.745,147.88,0.62
Many some performance,Katie Key,Tax goal,2019-11-10,75,0.808,0.734,121.19,0.752
Training usually allow,Rachael Roberts,Fund,2020-02-16,79,0.492,0.682,84.09,0.585
Front with,Jenna Baldwin,Up,2021-06-08,65,0.572,0.448,95.54,0.846
Require lay,Danielle Walker,Then,2017-11-20,47,0.704,0.789,96.36,0.75
From strong minute,Audrey Baldwin,Shoulder,2020-11-30,50,0.748,0.859,159.36,0.388
How whether,Stephen Kim,Family,2017-03-16,79,0.568,0.336,116.93,0.927
Off food,Ashley Garza,Heavy six,2022-07-12,52,0.593,0.735,94.07,0.882
Citizen if take,Tanya Meadows,Dinner they,2016-05-08,34,0.641,0.722,138.83,0.517
Song reality account,Katie Kaufman,Purpose,2019-12-03,62,0.823,0.39,100.91,0.313
Site probably,Jesse Johnson,Institution wide,2025-04-05,80,0.49,0.812,145.7,0.493
Short here character,Courtney Holmes,Tonight,2020-02-07,54,0.443,0.946,159.7,0.399
Nearly song,Megan Harris,Medical yeah,2018-08-20,43,0.617,0.911,137.76,0.788
Right,Susan Mercado,Up,2015-06-01,47,0.795,0.511,114.58,0.907
Sing who thus really,Jacqueline Wilson,Task throw,2022-07-07,89,0.844,0.411,152.38,0.816
Game debate kid,Sandra Cannon,Sound,2016-04-27,56,0.64,0.664,94.66,0.539
Purpose work nearly,Corey Santiago,Painting,2022-07-20,58,0.498,0.568,105.33,0.582
Authority apply standard,Cameron Frazier,Town half,2015-11-25,42,0.805,0.807,133.81,0.564
Six deep article,Heather Welch,Exactly,2024-12-21,37,0.565,0.969,117.68,0.856
Radio method,Terry Frank,Item,2016-12-04,50,0.901,0.973,154.41,0.738
Miss,Keith Hill,Development business,2022-02-08,36,0.533,0.885,139.96,0.451
Seven get their,Kimberly Caldwell,Cause,2023-02-26,78,0.85,0.358,82.06,0.461
Prepare,Angela Banks,Ago we,2015-06-07,94,0.523,0.616,133.34,0.276
Six must,James Perez,Spring,2016-06-10,31,0.867,0.578,155.41,0.478
Discover,Thomas Yang,Wrong,2023-02-09,47,0.864,0.349,113.96,0.709
Safe care,Laura Brown,Reach real,2024-03-19,39,0.545,0.361,147.4,0.536
Give anything personal,Sheila Burke,Such coach,2016-07-25,74,0.586,0.618,107.72,0.454
Person make,Allison Baker,Her,2015-12-09,91,0.669,0.581,94.13,0.768
Trade,Marc Bradford,Decide,2021-07-10,54,0.818,0.659,151.73,0.656
Wait seem,Joann Martin,First direction,2025-03-18,95,0.862,0.399,91.84,0.898
Star list respond,Gary Cook,Party,2020-10-06,41,0.836,0.439,86.97,0.457
Discussion build,Caleb Donaldson,Candidate player,2020-07-11,40,0.616,0.319,135.72,0.747
Somebody,Brian Johnson,Control bed,2022-07-21,85,0.661,0.817,148.75,0.572
Girl feeling control,Jorge Yu,Throw half,2023-10-12,54,0.847,0.647,126.27,0.33
Truth worker,Nicholas Dickerson,Break thousand,2024-04-06,98,0.635,0.737,96.19,0.672
Oil understand surface,Susan Scott,Budget myself,2018-07-24,34,0.907,0.528,126.67,0.568
Painting shake after,Jake Thomas,He possible,2019-01-24,54,0.409,0.501,109.71,0.932
Scientist Democrat budget,Alexis Smith,Service foreign,2017-04-06,86,0.798,0.529,118.11,0.546
Structure establish,Geoffrey Jones,Owner carry,2024-08-11,84,0.776,0.473,145.05,0.924
Meet federal,Marie Campbell,Body whole,2019-07-28,37,0.705,0.524,85.32,0.561
Weight we,Donna Ellis,South,2019-02-24,67,0.883,0.551,98.71,0.895
Skill movement president,Kurt Contreras,Beat,2018-03-25,50,0.665,0.55,130.16,0.225
Economy mean growth,Anthony Taylor,Yard subject,2022-10-17,79,0.694,0.588,105.13,0.605
Free station system already,Thomas Li,Lose,2024-11-06,86,0.564,0.874,111.48,0.645
Beat line,Russell Elliott,Beat action,2023-02-23,60,0.62,0.592,133.89,0.488
Sure officer,Russell Riggs,Either,2023-03-13,36,0.803,0.63,129.22,0.343
Price base,Ronald Ayers,Bad economic,2016-11-16,70,0.793,0.629,100.93,0.257
Gas doctor,Collin Howard,Improve cause,2016-07-21,59,0.519,0.535,145.37,0.613
Language,Melanie Moody,Around action,2016-08-15,97,0.447,0.468,142.56,0.661
Policy,Jasmine Neal,Determine,2023-10-15,45,0.923,0.595,151.17,0.265
True leg marriage,Brad Lewis,Central pull,2018-10-25,71,0.6,0.696,146.35,0.537
Clearly less difficult,Christine Long,Deal firm,2024-05-13,100,0.934,0.936,101.59,0.895
Feel somebody,Patricia Page,Recent,2022-10-11,65,0.53,0.534,93.43,0.64
Determine happen,Virginia Johnson,In,2024-07-24,94,0.762,0.802,148.49,0.726
Member six,Terry Riley,Hospital ability,2017-08-04,58,0.475,0.731,159.3,0.523
Food state,Kaitlyn Harper,Into,2018-06-28,64,0.496,0.379,93.82,0.766
Because since sea,Kevin Hayes,School nice,2016-02-23,36,0.751,0.839,97.87,0.211
Guess phone song,Steven Howard,Teacher rate,2022-02-09,42,0.409,0.863,101.57,0.682
Financial against near dinner,Hannah Johnson,Activity,2020-11-11,93,0.812,0.714,92.83,0.565
Wait ground,Brandy Young,Offer,2024-07-01,69,0.473,0.758,80.6,0.426
Personal major put,Ronald Hill,Almost around,2015-12-20,53,0.626,0.366,95.75,0.361
Open sure threat,Roger Price,On,2024-03-15,93,0.513,0.339,149.66,0.685
Sister throw leg,Erica Galvan,Note get,2023-12-18,75,0.602,0.752,90.49,0.428
Claim personal,Maria Booth,Behavior hear,2017-11-08,49,0.818,0.779,157.07,0.601
Once capital control,Katherine Jones,Group,2021-05-29,96,0.844,0.747,89.72,0.327
East positive administration,Mathew Ramos,Action,2025-01-21,42,0.883,0.334,84.78,0.408
Sit any friend,Natalie Walker,Reality them,2016-05-04,44,0.681,0.483,159.15,0.33
Add cell,Sherry Brown,Pay,2020-02-17,80,0.457,0.59,117.38,0.424
Fill project,Megan Martin,Audience vote,2015-07-05,52,0.508,0.699,94.98,0.304
Phone feel focus,Ruben Black,Beautiful,2017-12-02,62,0.849,0.654,117.14,0.556
Leg director TV rock,David Paul,Mother,2020-04-18,62,0.822,0.855,98.65,0.839
Bed,John Garcia,Bit opportunity,2018-12-14,32,0.406,0.357,128.91,0.911
Room space,Tiffany Riggs,Nearly,2019-03-31,86,0.933,0.743,115.4,0.402
Decade yet well,James Hanna,North general,2019-11-19,96,0.675,0.657,141.72,0.83
Example before,Matthew Cardenas,Try low,2025-04-04,35,0.569,0.924,91.98,0.404
Son trial section show,Nicolas Black MD,Class,2016-09-15,35,0.919,0.354,101.56,0.673
Cost main performance,Sara Johnson,End,2025-04-11,58,0.662,0.934,132.89,0.687
Choice former,Laura Petersen,Main image,2018-07-16,33,0.946,0.977,146.83,0.783
And today watch sit,Sara Vaughn,Political whatever,2024-12-17,49,0.769,0.916,153.39,0.254
Court effort,Monica Campos,Organization,2020-03-19,56,0.613,0.563,108.55,0.442
Test I happy my,Margaret Terry,Recent indicate,2016-02-13,33,0.682,0.497,130.11,0.443
Final five manage food,Kayla Pacheco,Off,2022-07-22,69,0.501,0.621,122.66,0.516
Her even,Carol Moore,Think president,2023-10-19,45,0.453,0.748,102.5,0.364
Least Republican,Eric Mcdaniel,Him,2023-07-18,89,0.887,0.38,83.66,0.842
Fish card,Billy Gill,Young,2020-08-14,46,0.61,0.448,141.53,0.544
Send best,Robert Freeman,Reality major,2020-08-18,65,0.637,0.346,92.48,0.823
Fall top nature,Debra Wagner,Present,2023-03-27,80,0.849,0.392,142.17,0.577
Son argue,Daniel Torres,Require,2016-05-23,37,0.817,0.867,102.65,0.78
Later lawyer want,Audrey Williams,Author four,2023-08-01,57,0.627,0.345,95.75,0.422
Card,Anthony Taylor,Sport despite,2024-04-02,45,0.683,0.817,134.54,0.244
Born,Stephanie Reese,Push tax,2025-03-20,63,0.426,0.619,96.26,0.699
Before front,Danielle Colon,Worry keep,2016-12-30,89,0.72,0.496,123.19,0.272
Today,Shane Elliott,Move country,2017-07-09,53,0.892,0.368,142.9,0.678
Idea his,Corey Davis,Clearly,2016-08-23,31,0.781,0.579,119.34,0.331
Those,Francisco Shelton,Us,2020-01-18,88,0.744,0.542,139.68,0.244
Surface audience rise,Tamara Johnson,Summer,2019-09-18,80,0.505,0.93,108.24,0.921
Authority respond world president,Daniel Powell,Trouble account,2023-07-09,52,0.696,0.382,101.7,0.533
Question thousand carry,Lisa Hardy,Against,2015-08-12,45,0.625,0.757,153.55,0.377
Scene visit,Chelsea Thomas,Sign,2016-07-26,54,0.643,0.862,91.1,0.341
Citizen hundred,Courtney Smith,Partner market,2023-04-21,48,0.664,0.892,81.28,0.499
Discuss,Anthony Singh,Piece,2024-02-27,53,0.848,0.665,148.57,0.906
Return argue,Joseph Cochran,Speak walk,2021-08-13,41,0.639,0.941,108.1,0.586
Add shake together,David Frazier,Though challenge,2023-09-09,100,0.659,0.781,151.86,0.37
Thus trade late,Tina Roberts,Blue,2020-03-12,100,0.739,0.672,152.46,0.293
Experience like,Stephanie Austin,Strong,2017-03-16,34,0.848,0.374,96.8,0.279
Of up,Heather Williams,Memory,2017-07-16,83,0.718,0.835,93.97,0.556
Daughter war,Adam Combs,Attorney,2022-11-17,68,0.647,0.683,136.78,0.215
Main easy today adult,Elizabeth Rivera,Buy indeed,2019-02-09,82,0.723,0.583,134.73,0.835
Your investment author,Nicole Zamora,Simple candidate,2020-07-21,55,0.487,0.823,116.63,0.407
Whole sign,Brandi Blankenship,Behind,2019-04-02,82,0.691,0.824,92.03,0.541
Attack difference add,Ms. Lauren Mcguire,By yourself,2019-03-02,30,0.496,0.401,100.07,0.244
Listen subject read,Kristin Campbell,Body,2019-11-22,46,0.59,0.818,144.41,0.759
Position indicate,Ricky Ayala,Despite of,2019-07-25,78,0.412,0.44,135.95,0.542
Pattern today husband,Austin Martinez,Key necessary,2020-06-30,55,0.429,0.499,130.13,0.5
Material somebody,Kevin Carroll,Address coach,2023-01-15,57,0.401,0.321,131.69,0.524
Which identify black election,Katherine Hebert,Answer relate,2019-12-04,97,0.781,0.376,107.25,0.662
Base upon development,Michelle Carr,Set,2017-11-21,37,0.712,0.55,101.56,0.651
There sort already,Diane Payne,Answer,2023-03-23,40,0.765,0.687,115.28,0.806
End move stop,Heather Hall,Science financial,2017-07-08,49,0.404,0.311,97.03,0.411
Catch crime again,Deborah Wood,Many he,2020-03-14,68,0.497,0.971,100.45,0.743
Mother imagine drug,Bonnie Lane,Court take,2020-08-03,90,0.764,0.827,87.39,0.447
Family sport,Rodney Brown,Will,2017-11-21,43,0.844,0.482,93.54,0.235
Change good fight,Robert Simmons II,Mind,2016-03-21,64,0.832,0.564,116.73,0.737
Special quite,Valerie James,Daughter,2021-08-01,50,0.805,0.948,141.53,0.664
Make point,Kimberly Ball,Drop consumer,2023-01-01,70,0.529,0.689,141.02,0.394
Hospital continue age,John Hogan,Happy,2023-12-11,100,0.652,0.653,83.05,0.917
Research large time,John Whitehead,Conference,2023-10-15,35,0.853,0.441,91.89,0.552
Capital,Christopher Clark,Or next,2023-10-26,90,0.945,0.795,153.95,0.919
Material participant clearly,Charles Miller,Player if,2018-07-30,34,0.926,0.601,92.59,0.479
Contain maybe say appear,Jennifer Carroll,Several,2016-07-22,38,0.418,0.712,153.46,0.352
Offer however week,Virginia Warren,World finally,2016-09-12,78,0.566,0.728,131.84,0.674
Anything degree daughter,Raymond Weaver Jr.,Ask type,2019-03-17,94,0.759,0.963,113.44,0.317
Machine next,Yesenia Stevens,Training,2020-03-14,82,0.73,0.392,158.55,0.714
Produce owner economy,Charles Williams,Attorney,2023-09-14,95,0.674,0.962,158.65,0.257
Loss law shake according,Sean Peterson,Available,2022-10-10,65,0.881,0.545,101.17,0.438
At,Shane Hurst,Fear,2015-05-14,63,0.905,0.885,80.22,0.641
Reveal choice seat,Jennifer Macdonald,Charge maintain,2018-07-26,83,0.93,0.749,159.54,0.375
Yourself entire,Julie Blair,Explain inside,2021-02-01,67,0.606,0.762,82.4,0.733
Force avoid,Mary Crawford,System,2017-04-14,50,0.811,0.838,154.78,0.814
Smile decision possible,Douglas Roberts,Trip audience,2025-01-26,37,0.789,0.689,136.97,0.913
Prevent ready,Jennifer Knapp,Drive,2023-11-16,54,0.887,0.605,99.38,0.61
Claim hope interest happy,Mark Jackson,Age I,2023-02-14,96,0.823,0.94,92.21,0.421
Claim develop back,Andrew Rodriguez,Nature,2019-04-12,68,0.576,0.825,148.16,0.592
Baby successful foot,Vanessa Kerr,Great just,2021-06-29,62,0.667,0.842,115.92,0.225
Tree student,Danielle Wolf,Clear,2024-01-14,53,0.839,0.598,99.55,0.948
Clearly choice keep,Wesley Nichols,Assume,2021-11-10,96,0.737,0.8,151.99,0.346
That people than,Jodi Boone,Commercial,2018-03-12,62,0.784,0.436,156.79,0.685
Here best fly,Daniel Burton,Campaign foreign,2020-09-30,80,0.632,0.866,98.68,0.441
Peace pretty,Deborah Brown,Language year,2017-02-13,95,0.488,0.582,90.96,0.559
Much during,Tammy Jackson,Kind,2022-07-12,77,0.633,0.39,127.26,0.323
Key we,Jessica Butler,Thousand,2019-08-13,56,0.609,0.786,122.21,0.861
Property process apply,Michael Williams,Any,2024-12-21,87,0.532,0.752,93.08,0.235
Activity toward,Sarah Cuevas,Interview field,2021-06-18,96,0.765,0.583,159.57,0.931
Within work,Pamela Jones,Need down,2016-01-17,37,0.472,0.613,130.45,0.541
Chair table year accept,Andrea Peterson,Plant just,2024-06-02,64,0.911,0.46,121.87,0.54
Significant future during wind,Laura Williams,Affect,2015-08-20,42,0.591,0.774,132.86,0.919
Teacher hour campaign,Robert Young,Risk phone,2018-05-09,79,0.942,0.861,118.89,0.544
Arm magazine after,Stephen Hall,Others,2022-10-27,92,0.69,0.823,114.76,0.264
Force small goal,Michael Meadows,Bar,2023-04-25,51,0.884,0.382,156.16,0.381
High probably him,Ryan Johnson,Your,2015-05-02,88,0.538,0.922,156.45,0.936
Of behavior listen,April Kelly,Experience staff,2024-08-21,83,0.821,0.573,92.26,0.808
Left fight know,Veronica Allen,Detail,2024-10-06,49,0.933,0.412,89.23,0.835
Activity,Benjamin Maddox,Group,2015-11-20,61,0.437,0.547,98.41,0.428
Strategy though,Jeffrey Lawson,Tree despite,2018-05-25,67,0.945,0.965,125.2,0.215
Message car,Richard Stephens,Gun,2015-06-30,77,0.882,0.882,87.57,0.787
Enjoy relationship,John Cline,Form,2016-04-19,78,0.414,0.922,127.58,0.306
Good decade,Joshua Murray,Nation civil,2019-07-25,70,0.937,0.69,84.9,0.789
Of coach director,Valerie Sanders,Yes debate,2020-08-28,86,0.864,0.675,100.47,0.219
Generation receive million easy,David May,Last else,2020-07-14,84,0.804,0.921,95.56,0.719
Three worry,Jared Vasquez,Executive,2024-12-10,75,0.761,0.514,82.53,0.33
Security set,Katherine Gilbert,Indicate,2023-02-09,62,0.655,0.416,110.11,0.321
Ahead,Cindy Clark,Where,2015-07-04,78,0.488,0.853,111.7,0.562
Free popular,Melissa Moreno,Mrs seat,2022-12-28,33,0.689,0.922,96.25,0.936
Under child while,John Reyes,Let,2023-10-04,83,0.722,0.382,90.55,0.282
Person east begin,Stephanie Munoz,Age page,2017-05-13,77,0.836,0.688,151.27,0.773
Arm into may,Mark Klein,Run,2016-07-12,36,0.635,0.317,114.53,0.388
Cold when stock,Jacob Martinez,Reason,2021-10-24,37,0.587,0.707,111.98,0.652
Tree,Kevin Rice MD,Follow writer,2016-05-09,95,0.607,0.615,110.93,0.3
Financial hand color issue,Tanya Graham,Rock drop,2023-11-01,86,0.789,0.817,148.22,0.674
How character,Christopher Lee,Young,2023-04-07,68,0.81,0.377,119.52,0.661
Health certain bag,William Howard,Though record,2016-03-09,64,0.592,0.468,120.18,0.542
Form list blue,Joseph Avery,Issue set,2015-09-06,88,0.4,0.356,83.34,0.511
Hand lawyer place sea,Cindy Morgan,Continue truth,2015-10-29,79,0.567,0.602,124.1,0.299
Very clear,Michael Rodriguez,Minute run,2020-09-01,47,0.57,0.413,121.39,0.51
Job conference,Brenda Evans,Prove,2018-07-08,32,0.524,0.96,147.13,0.764
Be front agreement,Walter Schroeder,Young ten,2018-10-03,47,0.622,0.526,84.33,0.313
Way personal capital,Nicholas Munoz,Ahead,2015-12-11,30,0.712,0.55,103.8,0.215
Value,Roberta Walker,Writer pattern,2016-07-11,49,0.837,0.973,100.14,0.232
Option just,Kimberly Lane,Cover,2019-04-10,78,0.429,0.385,139.74,0.576
Where phone race,Rachel Matthews,He activity,2017-11-26,35,0.634,0.858,130.82,0.892
Foreign draw,Elaine Nolan,Seem,2022-04-17,37,0.771,0.507,145.41,0.58
Herself least,Brian Winters,Big everyone,2020-09-22,68,0.83,0.433,155.09,0.756
Phone least,Heidi Smith,Region however,2021-02-15,54,0.874,0.473,98.53,0.626
Hear well,Bianca Burton,Past mean,2016-01-21,68,0.528,0.423,108.83,0.702
Edge show entire,Cheryl Jacobson,Rule,2021-02-22,87,0.573,0.623,96.24,0.622
Watch knowledge court,Sarah Baker,Arrive,2018-07-21,89,0.947,0.828,125.98,0.929
Cost affect rule,Justin Allen,White whose,2022-06-28,39,0.695,0.307,156.93,0.825
Technology,Paula Williams,Show,2019-06-04,80,0.837,0.816,110.12,0.766
Science,Michael Diaz,Brother risk,2020-05-31,95,0.481,0.383,108.67,0.208
Anything central,Alexandra Novak,Would,2018-03-05,32,0.904,0.966,147.98,0.758
Think magazine,Michael Brown,Couple create,2021-07-11,66,0.94,0.635,138.76,0.612
Land,Sara Johnson,Which part,2019-01-20,85,0.455,0.853,112.62,0.656
Start product,Joseph Lambert,Look,2023-12-08,99,0.594,0.89,117.2,0.424
Trial blood,Susan Johnston,Hard soldier,2018-09-20,47,0.605,0.953,140.57,0.505
College charge,Jessica Mclaughlin,Up and,2019-09-13,48,0.414,0.575,93.98,0.496
She house,Kerry Pennington,Poor remember,2017-02-18,67,0.834,0.794,120.43,0.321
Him speech,William Jacobs,Face although,2022-05-26,80,0.842,0.686,135.16,0.918
Bit certain stuff song,Kimberly Fuller,Any,2016-04-22,61,0.668,0.916,116.31,0.727
Arm worry,Nicole Miller,Specific here,2018-10-23,43,0.746,0.66,100.7,0.484
Report option,Joe Conrad,Finally low,2023-07-03,35,0.583,0.713,89.0,0.472
Success indicate whose,Christopher Bell,Do,2019-01-07,100,0.412,0.975,133.34,0.646
Present nearly mention,Stephanie Alvarez,Art,2024-11-25,82,0.649,0.308,153.43,0.62
Nothing recently their,Harold Schneider,Much,2023-07-01,50,0.424,0.325,151.33,0.585
Camera soldier yourself cell,Jack Marsh,Mention,2021-09-11,47,0.737,0.468,109.82,0.836
Give six at,Jamie Cunningham,Prepare,2020-01-28,88,0.414,0.477,101.05,0.905
Wear sister,Sheryl Bradshaw,Sea college,2017-08-26,89,0.92,0.722,80.53,0.456
Off girl structure,Raymond Harris,Test section,2019-08-09,43,0.548,0.354,108.0,0.722
Tonight everything,Michael Arnold,Interest within,2023-04-03,93,0.463,0.344,81.86,0.401
Pm card,Lori Ingram,Career actually,2025-02-04,73,0.439,0.705,156.8,0.217
Pm card,Stephanie Robertson,Detail,2024-03-17,35,0.44,0.534,118.95,0.207
Clearly help financial,Ashley Harris,Another current,2020-05-19,81,0.667,0.352,80.6,0.741
Military site among last,Matthew Maxwell,Kitchen government,2017-08-09,36,0.67,0.637,112.18,0.225
Research hot,Robert Hicks,Tell,2015-06-06,70,0.432,0.444,131.65,0.721
Issue us modern,Donna Washington,Although,2018-03-23,47,0.503,0.473,128.5,0.437
Major onto,Brandon Williams,Nor,2024-12-10,97,0.531,0.697,140.63,0.657
Civil meeting nation,April Weber,Memory anything,2024-08-01,37,0.626,0.867,128.44,0.647
Research sometimes,Nicholas Sanchez DDS,Foreign along,2017-08-15,65,0.852,0.347,83.11,0.228
Ready score figure,Courtney Meyer,Sing,2022-02-04,31,0.556,0.36,85.49,0.787
Avoid support how,Nathan Wright,Price,2025-01-06,94,0.764,0.623,142.33,0.502
Perhaps network ask,Patrick Bowman,Military provide,2015-06-17,61,0.569,0.5,103.32,0.231
People,Terri Barry,Stay,2019-09-20,95,0.877,0.33,127.2,0.44
Care nearly,Patricia Smith,Control,2015-08-31,93,0.876,0.363,118.39,0.898
Join across,Sarah Hughes,Its,2018-09-15,37,0.937,0.714,153.18,0.944
Radio dream possible effort,Rebecca Baker,Serve true,2015-07-13,76,0.534,0.782,103.62,0.889
Claim president,Brittany Matthews,Behavior,2023-01-30,92,0.848,0.821,139.32,0.683
Way summer cut,Dana Paul,Country,2021-09-01,76,0.697,0.866,148.11,0.57
They east body,Brittany Ewing,Manager specific,2017-10-18,75,0.608,0.347,149.28,0.38
Account education network,Don Perry,Shake her,2020-12-27,72,0.554,0.596,85.32,0.215
Tv thank,Ashley Smith,Consider federal,2023-10-01,35,0.752,0.456,132.22,0.293
Camera,Jo Mcdonald,Marriage,2024-02-06,36,0.768,0.582,115.28,0.565
Nature focus,Wesley Reyes,Forward everybody,2018-11-20,46,0.817,0.543,108.8,0.911
Stage raise,Melissa Boyle,Stuff,2023-05-17,78,0.779,0.923,120.29,0.347
Late way professional,Cathy Sanchez,Dog,2020-04-30,40,0.715,0.721,100.16,0.821
Career around,Emily Gonzales,Among scene,2023-03-30,96,0.741,0.371,120.08,0.73
Sea relationship,Dr. Megan Stephens DVM,Black,2019-06-01,91,0.693,0.477,88.34,0.494
